Iteration,Best Tour,Best Cost
Iteration: 1, Best Tour: [4, 8, 5, 0, 6, 7, 2, 9, 1, 3], Best Cost: 153
Iteration: 2, Best Tour: [8, 0, 1, 9, 2, 7, 6, 5, 3, 4], Best Cost: 103
Iteration: 3, Best Tour: [8, 0, 1, 9, 2, 7, 6, 5, 3, 4], Best Cost: 103
Iteration: 4, Best Tour: [8, 0, 1, 9, 2, 7, 6, 5, 3, 4], Best Cost: 103
Iteration: 5, Best Tour: [8, 0, 1, 9, 2, 7, 6, 5, 3, 4], Best Cost: 103
Iteration: 6, Best Tour: [8, 0, 1, 9, 2, 7, 6, 5, 3, 4], Best Cost: 103
Iteration: 7, Best Tour: [8, 0, 1, 9, 2, 7, 6, 5, 3, 4], Best Cost: 103
Iteration: 8, Best Tour: [8, 0, 1, 9, 2, 7, 6, 5, 3, 4], Best Cost: 103
Iteration: 9, Best Tour: [8, 0, 1, 9, 2, 7, 6, 5, 3, 4], Best Cost: 103
Iteration: 10, Best Tour: [8, 0, 1, 9, 2, 7, 6, 5, 3, 4], Best Cost: 103
Iteration: 11, Best Tour: [8, 0, 1, 9, 2, 7, 6, 5, 3, 4], Best Cost: 103
Iteration: 12, Best Tour: [8, 0, 1, 9, 2, 7, 6, 5, 3, 4], Best Cost: 103
Iteration: 13, Best Tour: [8, 0, 1, 9, 2, 7, 6, 5, 3, 4], Best Cost: 103
Iteration: 14, Best Tour: [8, 0, 1, 9, 2, 7, 6, 5, 3, 4], Best Cost: 103
Iteration: 15, Best Tour: [8, 0, 1, 9, 2, 7, 6, 5, 3, 4], Best Cost: 103
Iteration: 16, Best Tour: [8, 0, 1, 9, 2, 7, 6, 5, 3, 4], Best Cost: 103
Iteration: 17, Best Tour: [8, 0, 1, 9, 2, 7, 6, 5, 3, 4], Best Cost: 103
Iteration: 18, Best Tour: [8, 0, 1, 9, 2, 7, 6, 5, 3, 4], Best Cost: 103
Iteration: 19, Best Tour: [8, 0, 1, 9, 2, 7, 6, 5, 3, 4], Best Cost: 103
Iteration: 20, Best Tour: [8, 0, 1, 9, 2, 7, 6, 5, 3, 4], Best Cost: 103
Iteration: 21, Best Tour: [8, 0, 1, 9, 2, 7, 6, 5, 3, 4], Best Cost: 103
Iteration: 22, Best Tour: [8, 0, 1, 9, 2, 7, 6, 5, 3, 4], Best Cost: 103
Iteration: 23, Best Tour: [8, 0, 1, 9, 2, 7, 6, 5, 3, 4], Best Cost: 103
Iteration: 24, Best Tour: [8, 0, 1, 9, 2, 7, 6, 5, 3, 4], Best Cost: 103
Iteration: 25, Best Tour: [8, 0, 1, 9, 2, 7, 6, 5, 3, 4], Best Cost: 103
Iteration: 26, Best Tour: [8, 0, 1, 9, 2, 7, 6, 5, 3, 4], Best Cost: 103
Iteration: 27, Best Tour: [8, 0, 1, 9, 2, 7, 6, 5, 3, 4], Best Cost: 103
Iteration: 28, Best Tour: [8, 0, 1, 9, 2, 7, 6, 5, 3, 4], Best Cost: 103
Iteration: 29, Best Tour: [8, 0, 1, 9, 2, 7, 6, 5, 3, 4], Best Cost: 103
Iteration: 30, Best Tour: [8, 0, 1, 9, 2, 7, 6, 5, 3, 4], Best Cost: 103
Iteration: 31, Best Tour: [8, 0, 1, 9, 2, 7, 6, 5, 3, 4], Best Cost: 103
Iteration: 32, Best Tour: [8, 0, 1, 9, 2, 7, 6, 5, 3, 4], Best Cost: 103
Iteration: 33, Best Tour: [8, 0, 1, 9, 2, 7, 6, 5, 3, 4], Best Cost: 103
Iteration: 34, Best Tour: [8, 0, 1, 9, 2, 7, 6, 5, 3, 4], Best Cost: 103
Iteration: 35, Best Tour: [8, 0, 1, 9, 2, 7, 6, 5, 3, 4], Best Cost: 103
Iteration: 36, Best Tour: [8, 0, 1, 9, 2, 7, 6, 5, 3, 4], Best Cost: 103
Iteration: 37, Best Tour: [8, 0, 1, 9, 2, 7, 6, 5, 3, 4], Best Cost: 103
Iteration: 38, Best Tour: [8, 0, 1, 9, 2, 7, 6, 5, 3, 4], Best Cost: 103
Iteration: 39, Best Tour: [8, 0, 1, 9, 2, 7, 6, 5, 3, 4], Best Cost: 103
Iteration: 40, Best Tour: [8, 0, 1, 9, 2, 7, 6, 5, 3, 4], Best Cost: 103
Iteration: 41, Best Tour: [8, 0, 1, 9, 2, 7, 6, 5, 3, 4], Best Cost: 103
Iteration: 42, Best Tour: [8, 0, 1, 9, 2, 7, 6, 5, 3, 4], Best Cost: 103
Iteration: 43, Best Tour: [8, 0, 1, 9, 2, 7, 6, 5, 3, 4], Best Cost: 103
Iteration: 44, Best Tour: [8, 0, 1, 9, 2, 7, 6, 5, 3, 4], Best Cost: 103
Iteration: 45, Best Tour: [8, 0, 1, 9, 2, 7, 6, 5, 3, 4], Best Cost: 103
Iteration: 46, Best Tour: [8, 0, 1, 9, 2, 7, 6, 5, 3, 4], Best Cost: 103
Iteration: 47, Best Tour: [8, 0, 1, 9, 2, 7, 6, 5, 3, 4], Best Cost: 103
Iteration: 48, Best Tour: [8, 0, 1, 9, 2, 7, 6, 5, 3, 4], Best Cost: 103
Iteration: 49, Best Tour: [8, 0, 1, 9, 2, 7, 6, 5, 3, 4], Best Cost: 103
Iteration: 50, Best Tour: [8, 0, 1, 9, 2, 7, 6, 5, 3, 4], Best Cost: 103
