Iteration,Best Tour,Best Cost
Iteration: 1, Best Tour: [0, 6, 3, 4, 2, 9, 1, 5, 8, 7], Best Cost: 158
Iteration: 2, Best Tour: [8, 0, 7, 2, 6, 5, 3, 4, 1, 9], Best Cost: 139
Iteration: 3, Best Tour: [8, 0, 7, 2, 6, 5, 3, 4, 1, 9], Best Cost: 139
Iteration: 4, Best Tour: [8, 0, 7, 2, 6, 5, 3, 4, 1, 9], Best Cost: 139
Iteration: 5, Best Tour: [8, 0, 7, 2, 6, 5, 3, 4, 1, 9], Best Cost: 139
Iteration: 6, Best Tour: [3, 5, 1, 0, 6, 2, 9, 7, 8, 4], Best Cost: 128
Iteration: 7, Best Tour: [1, 9, 3, 5, 4, 8, 0, 6, 2, 7], Best Cost: 114
Iteration: 8, Best Tour: [1, 9, 3, 5, 4, 8, 0, 6, 2, 7], Best Cost: 114
Iteration: 9, Best Tour: [1, 9, 3, 5, 4, 8, 0, 6, 2, 7], Best Cost: 114
Iteration: 10, Best Tour: [1, 9, 3, 5, 4, 8, 0, 6, 2, 7], Best Cost: 114
Iteration: 11, Best Tour: [1, 9, 3, 5, 4, 8, 0, 6, 2, 7], Best Cost: 114
Iteration: 12, Best Tour: [1, 9, 3, 5, 4, 8, 0, 6, 2, 7], Best Cost: 114
Iteration: 13, Best Tour: [1, 9, 3, 5, 4, 8, 0, 6, 2, 7], Best Cost: 114
Iteration: 14, Best Tour: [1, 9, 3, 5, 4, 8, 0, 6, 2, 7], Best Cost: 114
Iteration: 15, Best Tour: [1, 9, 3, 5, 4, 8, 0, 6, 2, 7], Best Cost: 114
Iteration: 16, Best Tour: [9, 1, 5, 3, 4, 8, 0, 6, 7, 2], Best Cost: 108
Iteration: 17, Best Tour: [9, 1, 5, 3, 4, 8, 0, 6, 7, 2], Best Cost: 108
Iteration: 18, Best Tour: [5, 6, 0, 1, 9, 7, 2, 8, 4, 3], Best Cost: 104
Iteration: 19, Best Tour: [5, 6, 0, 1, 9, 7, 2, 8, 4, 3], Best Cost: 104
Iteration: 20, Best Tour: [5, 6, 0, 1, 9, 7, 2, 8, 4, 3], Best Cost: 104
Iteration: 21, Best Tour: [5, 6, 0, 1, 9, 7, 2, 8, 4, 3], Best Cost: 104
Iteration: 22, Best Tour: [5, 6, 0, 1, 9, 2, 7, 8, 4, 3], Best Cost: 86
Iteration: 23, Best Tour: [5, 6, 0, 1, 9, 2, 7, 8, 4, 3], Best Cost: 86
Iteration: 24, Best Tour: [5, 6, 0, 1, 9, 2, 7, 8, 4, 3], Best Cost: 86
Iteration: 25, Best Tour: [5, 6, 0, 1, 9, 2, 7, 8, 4, 3], Best Cost: 86
Iteration: 26, Best Tour: [5, 6, 0, 1, 9, 2, 7, 8, 4, 3], Best Cost: 86
Iteration: 27, Best Tour: [5, 6, 0, 1, 9, 2, 7, 8, 4, 3], Best Cost: 86
Iteration: 28, Best Tour: [5, 6, 0, 1, 9, 2, 7, 8, 4, 3], Best Cost: 86
Iteration: 29, Best Tour: [5, 6, 0, 1, 9, 2, 7, 8, 4, 3], Best Cost: 86
Iteration: 30, Best Tour: [5, 6, 0, 1, 9, 2, 7, 8, 4, 3], Best Cost: 86
Iteration: 31, Best Tour: [5, 6, 0, 1, 9, 2, 7, 8, 4, 3], Best Cost: 86
Iteration: 32, Best Tour: [5, 6, 0, 1, 9, 2, 7, 8, 4, 3], Best Cost: 86
Iteration: 33, Best Tour: [5, 6, 0, 1, 9, 2, 7, 8, 4, 3], Best Cost: 86
Iteration: 34, Best Tour: [5, 6, 0, 1, 9, 2, 7, 8, 4, 3], Best Cost: 86
Iteration: 35, Best Tour: [5, 6, 0, 1, 9, 2, 7, 8, 4, 3], Best Cost: 86
Iteration: 36, Best Tour: [5, 6, 0, 1, 9, 2, 7, 8, 4, 3], Best Cost: 86
Iteration: 37, Best Tour: [5, 6, 0, 1, 9, 2, 7, 8, 4, 3], Best Cost: 86
Iteration: 38, Best Tour: [5, 6, 0, 1, 9, 2, 7, 8, 4, 3], Best Cost: 86
Iteration: 39, Best Tour: [5, 6, 0, 1, 9, 2, 7, 8, 4, 3], Best Cost: 86
Iteration: 40, Best Tour: [5, 6, 0, 1, 9, 2, 7, 8, 4, 3], Best Cost: 86
Iteration: 41, Best Tour: [5, 6, 0, 1, 9, 2, 7, 8, 4, 3], Best Cost: 86
Iteration: 42, Best Tour: [5, 6, 0, 1, 9, 2, 7, 8, 4, 3], Best Cost: 86
Iteration: 43, Best Tour: [5, 6, 0, 1, 9, 2, 7, 8, 4, 3], Best Cost: 86
Iteration: 44, Best Tour: [5, 6, 0, 1, 9, 2, 7, 8, 4, 3], Best Cost: 86
Iteration: 45, Best Tour: [5, 6, 0, 1, 9, 2, 7, 8, 4, 3], Best Cost: 86
Iteration: 46, Best Tour: [5, 6, 0, 1, 9, 2, 7, 8, 4, 3], Best Cost: 86
Iteration: 47, Best Tour: [5, 6, 0, 1, 9, 2, 7, 8, 4, 3], Best Cost: 86
Iteration: 48, Best Tour: [5, 6, 0, 1, 9, 2, 7, 8, 4, 3], Best Cost: 86
Iteration: 49, Best Tour: [5, 6, 0, 1, 9, 2, 7, 8, 4, 3], Best Cost: 86
Iteration: 50, Best Tour: [5, 6, 0, 1, 9, 2, 7, 8, 4, 3], Best Cost: 86
